P_name,Q_name,C_name,m,n,k,p,HS?,log10(p),DS(p),DS(p),min_rec_length,breakpoints
A/Philippines/1619/2007,A/Peru/WRAIR1377P/2007,A/Perth/200/2008,37,19,19,0,0,-13.0483,0.00088,0.0008802814,427,1023-1108 & 1535-1589
A/Perth/200/2008,A/South-Australia/1/2008,A/Perth/84/2008,19,33,33,0,0,-12.5818,0.00257,0.002574358,646,0-23 & 954-1049
A/Perth/200/2008,A/South-Australia/1/2008,A/South_Australia/4/2008,19,33,33,0,0,-12.5818,0.00257,0.002574358,645,0-23 & 954-1049
A/Dunedin/2/2000,A/Taiwan/5857/2008,A/Sydney/12/2008,20,37,37,0,0,-13.7607,0.00017,0.0001707524,774,8-29 & 885-929
